"";"Xdiff";"Vdiff";"ICC"
"2";0;0;0,27
"3";0;0,1;0
"4";0;0,2;0,12
"5";0;0,3;0
"6";0;0,4;0,08
"7";0;0,5;0,27
"8";0;0,6;0,01
"9";0;0,7;0
"10";0;0,8;0
"11";0;0,9;0
"12";0;1;0
"13";0;1,1;0,07
"14";0;1,2;0
"15";0;1,3;0,04
"16";0;1,4;0,6
"17";0;1,5;0
"18";0;1,6;0,06
"19";0;1,7;0,26
"20";0;1,8;0,12
"21";0;1,9;0,16
"22";0;2;0
"23";0;2,1;0
"24";0;2,2;0
"25";0;2,3;0
"26";0;2,4;0
"27";0;2,5;0,2
"28";0;2,6;0,23
"29";0;2,7;0
"30";0;2,8;0,31
"31";0;2,9;0,28
"32";0;3;0,11
"33";0;3,1;0,18
"34";0;3,2;0
"35";0;3,3;0
"36";0;3,4;0,15
"37";0;3,5;0
"38";0;3,6;0
"39";0;3,7;0
"40";0;3,8;0
"41";0;3,9;0
"42";0;4;0,31
"43";0;4,1;0
"44";0;4,2;0,43
"45";0;4,3;0
"46";0;4,4;0,18
"47";0;4,5;0,01
"48";0;4,6;0
"49";0;4,7;0,12
"50";0;4,8;0
"51";0;4,9;0
"52";0;5;0
"53";0,1;0;0,78
"54";0,1;0,1;0,36
"55";0,1;0,2;0,24
"56";0,1;0,3;0,21
"57";0,1;0,4;0
"58";0,1;0,5;0
"59";0,1;0,6;0
"60";0,1;0,7;0,22
"61";0,1;0,8;0
"62";0,1;0,9;0
"63";0,1;1;0,31
"64";0,1;1,1;0,09
"65";0,1;1,2;0
"66";0,1;1,3;0
"67";0,1;1,4;0
"68";0,1;1,5;0,05
"69";0,1;1,6;0
"70";0,1;1,7;0,02
"71";0,1;1,8;0,03
"72";0,1;1,9;0
"73";0,1;2;0
"74";0,1;2,1;0
"75";0,1;2,2;0
"76";0,1;2,3;0,05
"77";0,1;2,4;0
"78";0,1;2,5;0
"79";0,1;2,6;0
"80";0,1;2,7;0
"81";0,1;2,8;0
"82";0,1;2,9;0
"83";0,1;3;0
"84";0,1;3,1;0,16
"85";0,1;3,2;0
"86";0,1;3,3;0
"87";0,1;3,4;0
"88";0,1;3,5;0,66
"89";0,1;3,6;0
"90";0,1;3,7;0,09
"91";0,1;3,8;0
"92";0,1;3,9;0
"93";0,1;4;0
"94";0,1;4,1;0
"95";0,1;4,2;0,29
"96";0,1;4,3;0
"97";0,1;4,4;0,2
"98";0,1;4,5;0
"99";0,1;4,6;0,68
"100";0,1;4,7;0
"101";0,1;4,8;0
"102";0,1;4,9;0
"103";0,1;5;0,72
"104";0,2;0;0
"105";0,2;0,1;0
"106";0,2;0,2;0
"107";0,2;0,3;0
"108";0,2;0,4;0
"109";0,2;0,5;0
"110";0,2;0,6;0
"111";0,2;0,7;0
"112";0,2;0,8;0
"113";0,2;0,9;0,03
"114";0,2;1;0
"115";0,2;1,1;0
"116";0,2;1,2;0,18
"117";0,2;1,3;0
"118";0,2;1,4;0
"119";0,2;1,5;0,08
"120";0,2;1,6;0,21
"121";0,2;1,7;0
"122";0,2;1,8;0,1
"123";0,2;1,9;0
"124";0,2;2;0,3
"125";0,2;2,1;0
"126";0,2;2,2;0,06
"127";0,2;2,3;0
"128";0,2;2,4;0,13
"129";0,2;2,5;0
"130";0,2;2,6;0,35
"131";0,2;2,7;0
"132";0,2;2,8;0,24
"133";0,2;2,9;0
"134";0,2;3;0,47
"135";0,2;3,1;0
"136";0,2;3,2;0,27
"137";0,2;3,3;0
"138";0,2;3,4;0
"139";0,2;3,5;0,23
"140";0,2;3,6;0,08
"141";0,2;3,7;0
"142";0,2;3,8;0
"143";0,2;3,9;0,54
"144";0,2;4;0,49
"145";0,2;4,1;0
"146";0,2;4,2;0,12
"147";0,2;4,3;0,01
"148";0,2;4,4;0
"149";0,2;4,5;0
"150";0,2;4,6;0,01
"151";0,2;4,7;0
"152";0,2;4,8;0
"153";0,2;4,9;0
"154";0,2;5;0
"155";0,3;0;0,32
"156";0,3;0,1;0,34
"157";0,3;0,2;0,15
"158";0,3;0,3;0,09
"159";0,3;0,4;0
"160";0,3;0,5;0
"161";0,3;0,6;0,08
"162";0,3;0,7;0
"163";0,3;0,8;0
"164";0,3;0,9;0,31
"165";0,3;1;0,03
"166";0,3;1,1;0,55
"167";0,3;1,2;0,07
"168";0,3;1,3;0
"169";0,3;1,4;0,4
"170";0,3;1,5;0
"171";0,3;1,6;0
"172";0,3;1,7;0,01
"173";0,3;1,8;0
"174";0,3;1,9;0,44
"175";0,3;2;0,26
"176";0,3;2,1;0
"177";0,3;2,2;0
"178";0,3;2,3;0
"179";0,3;2,4;0
"180";0,3;2,5;0,1
"181";0,3;2,6;0,05
"182";0,3;2,7;0,04
"183";0,3;2,8;0,49
"184";0,3;2,9;0
"185";0,3;3;0,03
"186";0,3;3,1;0
"187";0,3;3,2;0
"188";0,3;3,3;0
"189";0,3;3,4;0,57
"190";0,3;3,5;0
"191";0,3;3,6;0
"192";0,3;3,7;0
"193";0,3;3,8;0
"194";0,3;3,9;0
"195";0,3;4;0,31
"196";0,3;4,1;0,06
"197";0,3;4,2;0,15
"198";0,3;4,3;0,1
"199";0,3;4,4;0
"200";0,3;4,5;0
"201";0,3;4,6;0
"202";0,3;4,7;0,21
"203";0,3;4,8;0
"204";0,3;4,9;0
"205";0,3;5;0
"206";0,4;0;0
"207";0,4;0,1;0,86
"208";0,4;0,2;0,45
"209";0,4;0,3;0
"210";0,4;0,4;0,6
"211";0,4;0,5;0
"212";0,4;0,6;0,5
"213";0,4;0,7;0,61
"214";0,4;0,8;0
"215";0,4;0,9;0
"216";0,4;1;0
"217";0,4;1,1;0,01
"218";0,4;1,2;0,19
"219";0,4;1,3;0,11
"220";0,4;1,4;0
"221";0,4;1,5;0
"222";0,4;1,6;0
"223";0,4;1,7;0,27
"224";0,4;1,8;0,03
"225";0,4;1,9;0
"226";0,4;2;0,54
"227";0,4;2,1;0
"228";0,4;2,2;0,27
"229";0,4;2,3;0,24
"230";0,4;2,4;0,07
"231";0,4;2,5;0,12
"232";0,4;2,6;0
"233";0,4;2,7;0,05
"234";0,4;2,8;0
"235";0,4;2,9;0,09
"236";0,4;3;0
"237";0,4;3,1;0
"238";0,4;3,2;0
"239";0,4;3,3;0,31
"240";0,4;3,4;0,41
"241";0,4;3,5;0,14
"242";0,4;3,6;0
"243";0,4;3,7;0
"244";0,4;3,8;0
"245";0,4;3,9;0
"246";0,4;4;0
"247";0,4;4,1;0
"248";0,4;4,2;0,26
"249";0,4;4,3;0,05
"250";0,4;4,4;0,12
"251";0,4;4,5;0,5
"252";0,4;4,6;0,32
"253";0,4;4,7;0
"254";0,4;4,8;0
"255";0,4;4,9;0,07
"256";0,4;5;0
"257";0,5;0;0,27
"258";0,5;0,1;0,54
"259";0,5;0,2;0,27
"260";0,5;0,3;0,08
"261";0,5;0,4;0,65
"262";0,5;0,5;0,28
"263";0,5;0,6;0,31
"264";0,5;0,7;0
"265";0,5;0,8;0,13
"266";0,5;0,9;0
"267";0,5;1;0
"268";0,5;1,1;0,05
"269";0,5;1,2;0,42
"270";0,5;1,3;0,05
"271";0,5;1,4;0,25
"272";0,5;1,5;0,42
"273";0,5;1,6;0
"274";0,5;1,7;0
"275";0,5;1,8;0,36
"276";0,5;1,9;0
"277";0,5;2;0
"278";0,5;2,1;0,18
"279";0,5;2,2;0
"280";0,5;2,3;0,07
"281";0,5;2,4;0
"282";0,5;2,5;0
"283";0,5;2,6;0
"284";0,5;2,7;0
"285";0,5;2,8;0,12
"286";0,5;2,9;0
"287";0,5;3;0
"288";0,5;3,1;0,12
"289";0,5;3,2;0,39
"290";0,5;3,3;0,23
"291";0,5;3,4;0
"292";0,5;3,5;0
"293";0,5;3,6;0,42
"294";0,5;3,7;0
"295";0,5;3,8;0
"296";0,5;3,9;0,09
"297";0,5;4;0
"298";0,5;4,1;0
"299";0,5;4,2;0,08
"300";0,5;4,3;0
"301";0,5;4,4;0
"302";0,5;4,5;0
"303";0,5;4,6;0,12
"304";0,5;4,7;0
"305";0,5;4,8;0,32
"306";0,5;4,9;0
"307";0,5;5;0
"308";0,6;0;0,79
"309";0,6;0,1;0,75
"310";0,6;0,2;0,29
"311";0,6;0,3;0,73
"312";0,6;0,4;0,45
"313";0,6;0,5;0,31
"314";0,6;0,6;0
"315";0,6;0,7;0,02
"316";0,6;0,8;0
"317";0,6;0,9;0,61
"318";0,6;1;0
"319";0,6;1,1;0
"320";0,6;1,2;0,48
"321";0,6;1,3;0
"322";0,6;1,4;0
"323";0,6;1,5;0
"324";0,6;1,6;0
"325";0,6;1,7;0
"326";0,6;1,8;0,51
"327";0,6;1,9;0
"328";0,6;2;0
"329";0,6;2,1;0
"330";0,6;2,2;0,09
"331";0,6;2,3;0,37
"332";0,6;2,4;0,09
"333";0,6;2,5;0
"334";0,6;2,6;0,07
"335";0,6;2,7;0,05
"336";0,6;2,8;0
"337";0,6;2,9;0
"338";0,6;3;0
"339";0,6;3,1;0
"340";0,6;3,2;0
"341";0,6;3,3;0,05
"342";0,6;3,4;0,47
"343";0,6;3,5;0,34
"344";0,6;3,6;0,2
"345";0,6;3,7;0
"346";0,6;3,8;0
"347";0,6;3,9;0
"348";0,6;4;0
"349";0,6;4,1;0,04
"350";0,6;4,2;0,07
"351";0,6;4,3;0
"352";0,6;4,4;0,37
"353";0,6;4,5;0
"354";0,6;4,6;0
"355";0,6;4,7;0
"356";0,6;4,8;0,04
"357";0,6;4,9;0
"358";0,6;5;0,03
"359";0,7;0;0,21
"360";0,7;0,1;0,7
"361";0,7;0,2;0,4
"362";0,7;0,3;0,15
"363";0,7;0,4;0,31
"364";0,7;0,5;0,36
"365";0,7;0,6;0
"366";0,7;0,7;0
"367";0,7;0,8;0,01
"368";0,7;0,9;0,54
"369";0,7;1;0
"370";0,7;1,1;0,45
"371";0,7;1,2;0,46
"372";0,7;1,3;0,15
"373";0,7;1,4;0
"374";0,7;1,5;0,23
"375";0,7;1,6;0
"376";0,7;1,7;0,06
"377";0,7;1,8;0,17
"378";0,7;1,9;0,63
"379";0,7;2;0
"380";0,7;2,1;0,13
"381";0,7;2,2;0
"382";0,7;2,3;0,33
"383";0,7;2,4;0,14
"384";0,7;2,5;0
"385";0,7;2,6;0,01
"386";0,7;2,7;0,24
"387";0,7;2,8;0
"388";0,7;2,9;0,05
"389";0,7;3;0,06
"390";0,7;3,1;0
"391";0,7;3,2;0
"392";0,7;3,3;0
"393";0,7;3,4;0
"394";0,7;3,5;0
"395";0,7;3,6;0,31
"396";0,7;3,7;0,19
"397";0,7;3,8;0
"398";0,7;3,9;0
"399";0,7;4;0
"400";0,7;4,1;0
"401";0,7;4,2;0
"402";0,7;4,3;0
"403";0,7;4,4;0,05
"404";0,7;4,5;0,26
"405";0,7;4,6;0
"406";0,7;4,7;0
"407";0,7;4,8;0,06
"408";0,7;4,9;0
"409";0,7;5;0,08
"410";0,8;0;0,5
"411";0,8;0,1;0,7
"412";0,8;0,2;0,62
"413";0,8;0,3;0,52
"414";0,8;0,4;0,36
"415";0,8;0,5;0,36
"416";0,8;0,6;0,43
"417";0,8;0,7;0
"418";0,8;0,8;0,45
"419";0,8;0,9;0
"420";0,8;1;0,12
"421";0,8;1,1;0
"422";0,8;1,2;0,21
"423";0,8;1,3;0,67
"424";0,8;1,4;0
"425";0,8;1,5;0,07
"426";0,8;1,6;0,02
"427";0,8;1,7;0
"428";0,8;1,8;0,15
"429";0,8;1,9;0,43
"430";0,8;2;0,05
"431";0,8;2,1;0
"432";0,8;2,2;0
"433";0,8;2,3;0,24
"434";0,8;2,4;0,36
"435";0,8;2,5;0,15
"436";0,8;2,6;0
"437";0,8;2,7;0
"438";0,8;2,8;0
"439";0,8;2,9;0,34
"440";0,8;3;0,24
"441";0,8;3,1;0
"442";0,8;3,2;0
"443";0,8;3,3;0
"444";0,8;3,4;0
"445";0,8;3,5;0,09
"446";0,8;3,6;0
"447";0,8;3,7;0,28
"448";0,8;3,8;0,77
"449";0,8;3,9;0,32
"450";0,8;4;0
"451";0,8;4,1;0
"452";0,8;4,2;0
"453";0,8;4,3;0,06
"454";0,8;4,4;0
"455";0,8;4,5;0
"456";0,8;4,6;0,09
"457";0,8;4,7;0,15
"458";0,8;4,8;0,22
"459";0,8;4,9;0
"460";0,8;5;0,42
"461";0,9;0;0,7
"462";0,9;0,1;0,66
"463";0,9;0,2;0,62
"464";0,9;0,3;0,74
"465";0,9;0,4;0,08
"466";0,9;0,5;0,68
"467";0,9;0,6;0,22
"468";0,9;0,7;0,67
"469";0,9;0,8;0,63
"470";0,9;0,9;0,45
"471";0,9;1;0,15
"472";0,9;1,1;0,19
"473";0,9;1,2;0,65
"474";0,9;1,3;0
"475";0,9;1,4;0,46
"476";0,9;1,5;0,35
"477";0,9;1,6;0,55
"478";0,9;1,7;0
"479";0,9;1,8;0
"480";0,9;1,9;0,05
"481";0,9;2;0,53
"482";0,9;2,1;0
"483";0,9;2,2;0
"484";0,9;2,3;0,13
"485";0,9;2,4;0,3
"486";0,9;2,5;0,38
"487";0,9;2,6;0
"488";0,9;2,7;0
"489";0,9;2,8;0,07
"490";0,9;2,9;0
"491";0,9;3;0
"492";0,9;3,1;0,14
"493";0,9;3,2;0,07
"494";0,9;3,3;0
"495";0,9;3,4;0
"496";0,9;3,5;0
"497";0,9;3,6;0,09
"498";0,9;3,7;0
"499";0,9;3,8;0,04
"500";0,9;3,9;0
"501";0,9;4;0
"502";0,9;4,1;0
"503";0,9;4,2;0,05
"504";0,9;4,3;0
"505";0,9;4,4;0
"506";0,9;4,5;0
"507";0,9;4,6;0,01
"508";0,9;4,7;0,42
"509";0,9;4,8;0,46
"510";0,9;4,9;0
"511";0,9;5;0
"512";1;0;0,56
"513";1;0,1;0,82
"514";1;0,2;0,88
"515";1;0,3;0,63
"516";1;0,4;0,27
"517";1;0,5;0,24
"518";1;0,6;0,69
"519";1;0,7;0,6
"520";1;0,8;0,37
"521";1;0,9;0,32
"522";1;1;0,68
"523";1;1,1;0,04
"524";1;1,2;0,46
"525";1;1,3;0,68
"526";1;1,4;0,01
"527";1;1,5;0
"528";1;1,6;0,2
"529";1;1,7;0
"530";1;1,8;0,28
"531";1;1,9;0,13
"532";1;2;0,01
"533";1;2,1;0,27
"534";1;2,2;0,04
"535";1;2,3;0,2
"536";1;2,4;0
"537";1;2,5;0
"538";1;2,6;0
"539";1;2,7;0
"540";1;2,8;0,17
"541";1;2,9;0
"542";1;3;0
"543";1;3,1;0,37
"544";1;3,2;0,72
"545";1;3,3;0,77
"546";1;3,4;0,06
"547";1;3,5;0,03
"548";1;3,6;0
"549";1;3,7;0
"550";1;3,8;0,27
"551";1;3,9;0,09
"552";1;4;0,32
"553";1;4,1;0
"554";1;4,2;0,48
"555";1;4,3;0
"556";1;4,4;0
"557";1;4,5;0
"558";1;4,6;0
"559";1;4,7;0,01
"560";1;4,8;0,02
"561";1;4,9;0
"562";1;5;0
"563";1,1;0;0,57
"564";1,1;0,1;0,75
"565";1,1;0,2;0,7
"566";1,1;0,3;0,64
"567";1,1;0,4;0,72
"568";1,1;0,5;0,52
"569";1,1;0,6;0,62
"570";1,1;0,7;0,41
"571";1,1;0,8;0,85
"572";1,1;0,9;0,12
"573";1,1;1;0,33
"574";1,1;1,1;0,62
"575";1,1;1,2;0,23
"576";1,1;1,3;0,28
"577";1,1;1,4;0,05
"578";1,1;1,5;0
"579";1,1;1,6;0
"580";1,1;1,7;0
"581";1,1;1,8;0,66
"582";1,1;1,9;0,31
"583";1,1;2;0
"584";1,1;2,1;0,34
"585";1,1;2,2;0,52
"586";1,1;2,3;0,11
"587";1,1;2,4;0,3
"588";1,1;2,5;0,07
"589";1,1;2,6;0
"590";1,1;2,7;0
"591";1,1;2,8;0,06
"592";1,1;2,9;0
"593";1,1;3;0,16
"594";1,1;3,1;0,01
"595";1,1;3,2;0,13
"596";1,1;3,3;0,23
"597";1,1;3,4;0,33
"598";1,1;3,5;0,67
"599";1,1;3,6;0
"600";1,1;3,7;0
"601";1,1;3,8;0,06
"602";1,1;3,9;0,74
"603";1,1;4;0,06
"604";1,1;4,1;0,02
"605";1,1;4,2;0
"606";1,1;4,3;0,19
"607";1,1;4,4;0
"608";1,1;4,5;0
"609";1,1;4,6;0,11
"610";1,1;4,7;0
"611";1,1;4,8;0,22
"612";1,1;4,9;0,31
"613";1,1;5;0
"614";1,2;0;0,72
"615";1,2;0,1;0,69
"616";1,2;0,2;0,85
"617";1,2;0,3;0,72
"618";1,2;0,4;0,56
"619";1,2;0,5;0,35
"620";1,2;0,6;0,81
"621";1,2;0,7;0,66
"622";1,2;0,8;0,69
"623";1,2;0,9;0,46
"624";1,2;1;0,73
"625";1,2;1,1;0,13
"626";1,2;1,2;0,1
"627";1,2;1,3;0,53
"628";1,2;1,4;0,16
"629";1,2;1,5;0,18
"630";1,2;1,6;0,12
"631";1,2;1,7;0,18
"632";1,2;1,8;0
"633";1,2;1,9;0
"634";1,2;2;0
"635";1,2;2,1;0,15
"636";1,2;2,2;0,08
"637";1,2;2,3;0,49
"638";1,2;2,4;0
"639";1,2;2,5;0
"640";1,2;2,6;0
"641";1,2;2,7;0
"642";1,2;2,8;0,24
"643";1,2;2,9;0,32
"644";1,2;3;0
"645";1,2;3,1;0,22
"646";1,2;3,2;0,26
"647";1,2;3,3;0
"648";1,2;3,4;0,1
"649";1,2;3,5;0
"650";1,2;3,6;0
"651";1,2;3,7;0
"652";1,2;3,8;0
"653";1,2;3,9;0,43
"654";1,2;4;0,09
"655";1,2;4,1;0
"656";1,2;4,2;0
"657";1,2;4,3;0
"658";1,2;4,4;0
"659";1,2;4,5;0,14
"660";1,2;4,6;0,02
"661";1,2;4,7;0,37
"662";1,2;4,8;0
"663";1,2;4,9;0,19
"664";1,2;5;0
"665";1,3;0;0,94
"666";1,3;0,1;0,86
"667";1,3;0,2;0,84
"668";1,3;0,3;0,8
"669";1,3;0,4;0,64
"670";1,3;0,5;0,54
"671";1,3;0,6;0,69
"672";1,3;0,7;0,51
"673";1,3;0,8;0,42
"674";1,3;0,9;0,35
"675";1,3;1;0,5
"676";1,3;1,1;0,57
"677";1,3;1,2;0,27
"678";1,3;1,3;0,13
"679";1,3;1,4;0,1
"680";1,3;1,5;0
"681";1,3;1,6;0,18
"682";1,3;1,7;0,14
"683";1,3;1,8;0,18
"684";1,3;1,9;0,06
"685";1,3;2;0
"686";1,3;2,1;0,38
"687";1,3;2,2;0
"688";1,3;2,3;0,35
"689";1,3;2,4;0
"690";1,3;2,5;0,27
"691";1,3;2,6;0,02
"692";1,3;2,7;0,79
"693";1,3;2,8;0,32
"694";1,3;2,9;0,29
"695";1,3;3;0,28
"696";1,3;3,1;0,08
"697";1,3;3,2;0,01
"698";1,3;3,3;0
"699";1,3;3,4;0,1
"700";1,3;3,5;0
"701";1,3;3,6;0,68
"702";1,3;3,7;0
"703";1,3;3,8;0
"704";1,3;3,9;0
"705";1,3;4;0
"706";1,3;4,1;0,01
"707";1,3;4,2;0
"708";1,3;4,3;0,36
"709";1,3;4,4;0
"710";1,3;4,5;0
"711";1,3;4,6;0
"712";1,3;4,7;0,14
"713";1,3;4,8;0
"714";1,3;4,9;0
"715";1,3;5;0,63
"716";1,4;0;0,97
"717";1,4;0,1;0,91
"718";1,4;0,2;0,68
"719";1,4;0,3;0,86
"720";1,4;0,4;0,86
"721";1,4;0,5;0,71
"722";1,4;0,6;0,85
"723";1,4;0,7;0,59
"724";1,4;0,8;0,54
"725";1,4;0,9;0,48
"726";1,4;1;0,68
"727";1,4;1,1;0,7
"728";1,4;1,2;0,28
"729";1,4;1,3;0,37
"730";1,4;1,4;0,34
"731";1,4;1,5;0,17
"732";1,4;1,6;0,45
"733";1,4;1,7;0,22
"734";1,4;1,8;0,46
"735";1,4;1,9;0,1
"736";1,4;2;0,66
"737";1,4;2,1;0
"738";1,4;2,2;0,2
"739";1,4;2,3;0,36
"740";1,4;2,4;0,22
"741";1,4;2,5;0,6
"742";1,4;2,6;0
"743";1,4;2,7;0,19
"744";1,4;2,8;0,01
"745";1,4;2,9;0,05
"746";1,4;3;0,04
"747";1,4;3,1;0,13
"748";1,4;3,2;0,25
"749";1,4;3,3;0,01
"750";1,4;3,4;0
"751";1,4;3,5;0,32
"752";1,4;3,6;0,21
"753";1,4;3,7;0
"754";1,4;3,8;0,69
"755";1,4;3,9;0,18
"756";1,4;4;0,16
"757";1,4;4,1;0
"758";1,4;4,2;0
"759";1,4;4,3;0
"760";1,4;4,4;0,22
"761";1,4;4,5;0
"762";1,4;4,6;0,6
"763";1,4;4,7;0,49
"764";1,4;4,8;0
"765";1,4;4,9;0,37
"766";1,4;5;0,55
"767";1,5;0;0,68
"768";1,5;0,1;0,84
"769";1,5;0,2;0,8
"770";1,5;0,3;0,85
"771";1,5;0,4;0,82
"772";1,5;0,5;0,52
"773";1,5;0,6;0,55
"774";1,5;0,7;0,69
"775";1,5;0,8;0,57
"776";1,5;0,9;0,68
"777";1,5;1;0,45
"778";1,5;1,1;0,58
"779";1,5;1,2;0,77
"780";1,5;1,3;0,74
"781";1,5;1,4;0,6
"782";1,5;1,5;0,56
"783";1,5;1,6;0
"784";1,5;1,7;0,48
"785";1,5;1,8;0,41
"786";1,5;1,9;0,64
"787";1,5;2;0,57
"788";1,5;2,1;0,41
"789";1,5;2,2;0,26
"790";1,5;2,3;0
"791";1,5;2,4;0,14
"792";1,5;2,5;0
"793";1,5;2,6;0
"794";1,5;2,7;0,76
"795";1,5;2,8;0
"796";1,5;2,9;0
"797";1,5;3;0
"798";1,5;3,1;0,28
"799";1,5;3,2;0
"800";1,5;3,3;0,16
"801";1,5;3,4;0,76
"802";1,5;3,5;0
"803";1,5;3,6;0
"804";1,5;3,7;0,33
"805";1,5;3,8;0
"806";1,5;3,9;0
"807";1,5;4;0
"808";1,5;4,1;0
"809";1,5;4,2;0
"810";1,5;4,3;0
"811";1,5;4,4;0
"812";1,5;4,5;0,03
"813";1,5;4,6;0
"814";1,5;4,7;0
"815";1,5;4,8;0
"816";1,5;4,9;0,22
"817";1,5;5;0,03
"818";1,6;0;0,99
"819";1,6;0,1;0,89
"820";1,6;0,2;0,95
"821";1,6;0,3;0,94
"822";1,6;0,4;0,94
"823";1,6;0,5;0,29
"824";1,6;0,6;0,69
"825";1,6;0,7;0,74
"826";1,6;0,8;0,84
"827";1,6;0,9;0,56
"828";1,6;1;0,85
"829";1,6;1,1;0,4
"830";1,6;1,2;0,55
"831";1,6;1,3;0,19
"832";1,6;1,4;0,38
"833";1,6;1,5;0,22
"834";1,6;1,6;0,44
"835";1,6;1,7;0,43
"836";1,6;1,8;0
"837";1,6;1,9;0,67
"838";1,6;2;0,13
"839";1,6;2,1;0,23
"840";1,6;2,2;0,25
"841";1,6;2,3;0,47
"842";1,6;2,4;0,08
"843";1,6;2,5;0
"844";1,6;2,6;0,56
"845";1,6;2,7;0
"846";1,6;2,8;0,28
"847";1,6;2,9;0,01
"848";1,6;3;0,52
"849";1,6;3,1;0
"850";1,6;3,2;0,05
"851";1,6;3,3;0,2
"852";1,6;3,4;0,03
"853";1,6;3,5;0
"854";1,6;3,6;0
"855";1,6;3,7;0,72
"856";1,6;3,8;0
"857";1,6;3,9;0
"858";1,6;4;0,34
"859";1,6;4,1;0
"860";1,6;4,2;0,25
"861";1,6;4,3;0
"862";1,6;4,4;0,07
"863";1,6;4,5;0
"864";1,6;4,6;0
"865";1,6;4,7;0
"866";1,6;4,8;0,2
"867";1,6;4,9;0,57
"868";1,6;5;0
"869";1,7;0;0,96
"870";1,7;0,1;0,82
"871";1,7;0,2;0,93
"872";1,7;0,3;0,88
"873";1,7;0,4;0,92
"874";1,7;0,5;0,8
"875";1,7;0,6;0,81
"876";1,7;0,7;0,56
"877";1,7;0,8;0,24
"878";1,7;0,9;0,73
"879";1,7;1;0,67
"880";1,7;1,1;0,19
"881";1,7;1,2;0,47
"882";1,7;1,3;0,69
"883";1,7;1,4;0,38
"884";1,7;1,5;0,77
"885";1,7;1,6;0
"886";1,7;1,7;0,25
"887";1,7;1,8;0,1
"888";1,7;1,9;0,25
"889";1,7;2;0,21
"890";1,7;2,1;0,03
"891";1,7;2,2;0,09
"892";1,7;2,3;0,55
"893";1,7;2,4;0,13
"894";1,7;2,5;0
"895";1,7;2,6;0,64
"896";1,7;2,7;0
"897";1,7;2,8;0,15
"898";1,7;2,9;0,21
"899";1,7;3;0,1
"900";1,7;3,1;0,08
"901";1,7;3,2;0,34
"902";1,7;3,3;0,35
"903";1,7;3,4;0,26
"904";1,7;3,5;0
"905";1,7;3,6;0
"906";1,7;3,7;0
"907";1,7;3,8;0
"908";1,7;3,9;0
"909";1,7;4;0
"910";1,7;4,1;0,05
"911";1,7;4,2;0
"912";1,7;4,3;0
"913";1,7;4,4;0
"914";1,7;4,5;0,05
"915";1,7;4,6;0
"916";1,7;4,7;0,39
"917";1,7;4,8;0
"918";1,7;4,9;0,17
"919";1,7;5;0
"920";1,8;0;0,9
"921";1,8;0,1;0,96
"922";1,8;0,2;0,65
"923";1,8;0,3;0,84
"924";1,8;0,4;0,86
"925";1,8;0,5;0,65
"926";1,8;0,6;0,63
"927";1,8;0,7;0,61
"928";1,8;0,8;0,48
"929";1,8;0,9;0,5
"930";1,8;1;0,62
"931";1,8;1,1;0,7
"932";1,8;1,2;0,84
"933";1,8;1,3;0,53
"934";1,8;1,4;0,37
"935";1,8;1,5;0,54
"936";1,8;1,6;0,02
"937";1,8;1,7;0
"938";1,8;1,8;0
"939";1,8;1,9;0,4
"940";1,8;2;0,42
"941";1,8;2,1;0,01
"942";1,8;2,2;0,7
"943";1,8;2,3;0,03
"944";1,8;2,4;0,3
"945";1,8;2,5;0,25
"946";1,8;2,6;0
"947";1,8;2,7;0,07
"948";1,8;2,8;0,04
"949";1,8;2,9;0,41
"950";1,8;3;0,23
"951";1,8;3,1;0,21
"952";1,8;3,2;0,31
"953";1,8;3,3;0
"954";1,8;3,4;0
"955";1,8;3,5;0,51
"956";1,8;3,6;0,4
"957";1,8;3,7;0,5
"958";1,8;3,8;0
"959";1,8;3,9;0,27
"960";1,8;4;0,07
"961";1,8;4,1;0,42
"962";1,8;4,2;0
"963";1,8;4,3;0
"964";1,8;4,4;0,47
"965";1,8;4,5;0
"966";1,8;4,6;0
"967";1,8;4,7;0,39
"968";1,8;4,8;0,32
"969";1,8;4,9;0,08
"970";1,8;5;0,26
"971";1,9;0;0,95
"972";1,9;0,1;0,87
"973";1,9;0,2;0,95
"974";1,9;0,3;0,88
"975";1,9;0,4;0,71
"976";1,9;0,5;0,68
"977";1,9;0,6;0,92
"978";1,9;0,7;0,67
"979";1,9;0,8;0,75
"980";1,9;0,9;0,35
"981";1,9;1;0,55
"982";1,9;1,1;0,85
"983";1,9;1,2;0,2
"984";1,9;1,3;0,34
"985";1,9;1,4;0,45
"986";1,9;1,5;0,8
"987";1,9;1,6;0,47
"988";1,9;1,7;0,29
"989";1,9;1,8;0,6
"990";1,9;1,9;0,68
"991";1,9;2;0
"992";1,9;2,1;0,14
"993";1,9;2,2;0,44
"994";1,9;2,3;0,34
"995";1,9;2,4;0
"996";1,9;2,5;0,23
"997";1,9;2,6;0,63
"998";1,9;2,7;0,08
"999";1,9;2,8;0,24
"1000";1,9;2,9;0
"1001";1,9;3;0
"1002";1,9;3,1;0,19
"1003";1,9;3,2;0
"1004";1,9;3,3;0,12
"1005";1,9;3,4;0
"1006";1,9;3,5;0
"1007";1,9;3,6;0,61
"1008";1,9;3,7;0
"1009";1,9;3,8;0
"1010";1,9;3,9;0
"1011";1,9;4;0
"1012";1,9;4,1;0
"1013";1,9;4,2;0,27
"1014";1,9;4,3;0,22
"1015";1,9;4,4;0
"1016";1,9;4,5;0,08
"1017";1,9;4,6;0,18
"1018";1,9;4,7;0
"1019";1,9;4,8;0
"1020";1,9;4,9;0,46
"1021";1,9;5;0
"1022";2;0;0,88
"1023";2;0,1;0,91
"1024";2;0,2;0,91
"1025";2;0,3;0,94
"1026";2;0,4;0,76
"1027";2;0,5;0,88
"1028";2;0,6;0,68
"1029";2;0,7;0,64
"1030";2;0,8;0,76
"1031";2;0,9;0,6
"1032";2;1;0,7
"1033";2;1,1;0,55
"1034";2;1,2;0,58
"1035";2;1,3;0,55
"1036";2;1,4;0,39
"1037";2;1,5;0,59
"1038";2;1,6;0,55
"1039";2;1,7;0,66
"1040";2;1,8;0,6
"1041";2;1,9;0,52
"1042";2;2;0,53
"1043";2;2,1;0,21
"1044";2;2,2;0
"1045";2;2,3;0,63
"1046";2;2,4;0
"1047";2;2,5;0,22
"1048";2;2,6;0,29
"1049";2;2,7;0,29
"1050";2;2,8;0,25
"1051";2;2,9;0
"1052";2;3;0,32
"1053";2;3,1;0
"1054";2;3,2;0,51
"1055";2;3,3;0,02
"1056";2;3,4;0,01
"1057";2;3,5;0,35
"1058";2;3,6;0,17
"1059";2;3,7;0
"1060";2;3,8;0,26
"1061";2;3,9;0
"1062";2;4;0,55
"1063";2;4,1;0
"1064";2;4,2;0
"1065";2;4,3;0
"1066";2;4,4;0,06
"1067";2;4,5;0
"1068";2;4,6;0
"1069";2;4,7;0,07
"1070";2;4,8;0
"1071";2;4,9;0
"1072";2;5;0
"1073";2,1;0;0,95
"1074";2,1;0,1;0,91
"1075";2,1;0,2;0,93
"1076";2,1;0,3;0,89
"1077";2,1;0,4;0,86
"1078";2,1;0,5;0,87
"1079";2,1;0,6;0,91
"1080";2,1;0,7;0,91
"1081";2,1;0,8;0,59
"1082";2,1;0,9;0,57
"1083";2,1;1;0,77
"1084";2,1;1,1;0,77
"1085";2,1;1,2;0,83
"1086";2,1;1,3;0,47
"1087";2,1;1,4;0,25
"1088";2,1;1,5;0,24
"1089";2,1;1,6;0,31
"1090";2,1;1,7;0,25
"1091";2,1;1,8;0,58
"1092";2,1;1,9;0,78
"1093";2,1;2;0,08
"1094";2,1;2,1;0,16
"1095";2,1;2,2;0,18
"1096";2,1;2,3;0,47
"1097";2,1;2,4;0,33
"1098";2,1;2,5;0
"1099";2,1;2,6;0,23
"1100";2,1;2,7;0,04
"1101";2,1;2,8;0,42
"1102";2,1;2,9;0,19
"1103";2,1;3;0
"1104";2,1;3,1;0,17
"1105";2,1;3,2;0,48
"1106";2,1;3,3;0
"1107";2,1;3,4;0
"1108";2,1;3,5;0,12
"1109";2,1;3,6;0,28
"1110";2,1;3,7;0,19
"1111";2,1;3,8;0,06
"1112";2,1;3,9;0,15
"1113";2,1;4;0
"1114";2,1;4,1;0,11
"1115";2,1;4,2;0
"1116";2,1;4,3;0
"1117";2,1;4,4;0,41
"1118";2,1;4,5;0,28
"1119";2,1;4,6;0,25
"1120";2,1;4,7;0
"1121";2,1;4,8;0
"1122";2,1;4,9;0,04
"1123";2,1;5;0,06
"1124";2,2;0;0,93
"1125";2,2;0,1;0,94
"1126";2,2;0,2;0,88
"1127";2,2;0,3;0,92
"1128";2,2;0,4;0,91
"1129";2,2;0,5;0,84
"1130";2,2;0,6;0,87
"1131";2,2;0,7;0,71
"1132";2,2;0,8;0,61
"1133";2,2;0,9;0,88
"1134";2,2;1;0,74
"1135";2,2;1,1;0,61
"1136";2,2;1,2;0,79
"1137";2,2;1,3;0,79
"1138";2,2;1,4;0,49
"1139";2,2;1,5;0,85
"1140";2,2;1,6;0,61
"1141";2,2;1,7;0,71
"1142";2,2;1,8;0,53
"1143";2,2;1,9;0,37
"1144";2,2;2;0,79
"1145";2,2;2,1;0,51
"1146";2,2;2,2;0,3
"1147";2,2;2,3;0,86
"1148";2,2;2,4;0,27
"1149";2,2;2,5;0
"1150";2,2;2,6;0
"1151";2,2;2,7;0,11
"1152";2,2;2,8;0,51
"1153";2,2;2,9;0,44
"1154";2,2;3;0,26
"1155";2,2;3,1;0,81
"1156";2,2;3,2;0,15
"1157";2,2;3,3;0,57
"1158";2,2;3,4;0,23
"1159";2,2;3,5;0,35
"1160";2,2;3,6;0,54
"1161";2,2;3,7;0,67
"1162";2,2;3,8;0,16
"1163";2,2;3,9;0
"1164";2,2;4;0
"1165";2,2;4,1;0,41
"1166";2,2;4,2;0
"1167";2,2;4,3;0
"1168";2,2;4,4;0,66
"1169";2,2;4,5;0
"1170";2,2;4,6;0
"1171";2,2;4,7;0,06
"1172";2,2;4,8;0
"1173";2,2;4,9;0
"1174";2,2;5;0,04
"1175";2,3;0;0,98
"1176";2,3;0,1;0,9
"1177";2,3;0,2;0,79
"1178";2,3;0,3;0,9
"1179";2,3;0,4;0,85
"1180";2,3;0,5;0,83
"1181";2,3;0,6;0,83
"1182";2,3;0,7;0,88
"1183";2,3;0,8;0,78
"1184";2,3;0,9;0,77
"1185";2,3;1;0,83
"1186";2,3;1,1;0,6
"1187";2,3;1,2;0,83
"1188";2,3;1,3;0,69
"1189";2,3;1,4;0,52
"1190";2,3;1,5;0,78
"1191";2,3;1,6;0,69
"1192";2,3;1,7;0,82
"1193";2,3;1,8;0,31
"1194";2,3;1,9;0,54
"1195";2,3;2;0,63
"1196";2,3;2,1;0,21
"1197";2,3;2,2;0,62
"1198";2,3;2,3;0,29
"1199";2,3;2,4;0,27
"1200";2,3;2,5;0,4
"1201";2,3;2,6;0,38
"1202";2,3;2,7;0,58
"1203";2,3;2,8;0,48
"1204";2,3;2,9;0,51
"1205";2,3;3;0
"1206";2,3;3,1;0,41
"1207";2,3;3,2;0,27
"1208";2,3;3,3;0
"1209";2,3;3,4;0,04
"1210";2,3;3,5;0
"1211";2,3;3,6;0,11
"1212";2,3;3,7;0,16
"1213";2,3;3,8;0,32
"1214";2,3;3,9;0
"1215";2,3;4;0,01
"1216";2,3;4,1;0,4
"1217";2,3;4,2;0,54
"1218";2,3;4,3;0,06
"1219";2,3;4,4;0,14
"1220";2,3;4,5;0,33
"1221";2,3;4,6;0
"1222";2,3;4,7;0
"1223";2,3;4,8;0,52
"1224";2,3;4,9;0,41
"1225";2,3;5;0
"1226";2,4;0;0,99
"1227";2,4;0,1;0,98
"1228";2,4;0,2;0,92
"1229";2,4;0,3;0,93
"1230";2,4;0,4;0,93
"1231";2,4;0,5;0,86
"1232";2,4;0,6;0,79
"1233";2,4;0,7;0,88
"1234";2,4;0,8;0,86
"1235";2,4;0,9;0,85
"1236";2,4;1;0,7
"1237";2,4;1,1;0,85
"1238";2,4;1,2;0,83
"1239";2,4;1,3;0,52
"1240";2,4;1,4;0,48
"1241";2,4;1,5;0,66
"1242";2,4;1,6;0,5
"1243";2,4;1,7;0,19
"1244";2,4;1,8;0,04
"1245";2,4;1,9;0,57
"1246";2,4;2;0,34
"1247";2,4;2,1;0,72
"1248";2,4;2,2;0,79
"1249";2,4;2,3;0,5
"1250";2,4;2,4;0
"1251";2,4;2,5;0,1
"1252";2,4;2,6;0,62
"1253";2,4;2,7;0,63
"1254";2,4;2,8;0,28
"1255";2,4;2,9;0,64
"1256";2,4;3;0
"1257";2,4;3,1;0,39
"1258";2,4;3,2;0,43
"1259";2,4;3,3;0,87
"1260";2,4;3,4;0,03
"1261";2,4;3,5;0,56
"1262";2,4;3,6;0,04
"1263";2,4;3,7;0,21
"1264";2,4;3,8;0,43
"1265";2,4;3,9;0,3
"1266";2,4;4;0,22
"1267";2,4;4,1;0
"1268";2,4;4,2;0,73
"1269";2,4;4,3;0,03
"1270";2,4;4,4;0,41
"1271";2,4;4,5;0
"1272";2,4;4,6;0
"1273";2,4;4,7;0
"1274";2,4;4,8;0
"1275";2,4;4,9;0
"1276";2,4;5;0,36
"1277";2,5;0;0,94
"1278";2,5;0,1;0,97
"1279";2,5;0,2;0,93
"1280";2,5;0,3;0,93
"1281";2,5;0,4;0,94
"1282";2,5;0,5;0,84
"1283";2,5;0,6;0,89
"1284";2,5;0,7;0,92
"1285";2,5;0,8;0,94
"1286";2,5;0,9;0,93
"1287";2,5;1;0,85
"1288";2,5;1,1;0,86
"1289";2,5;1,2;0,85
"1290";2,5;1,3;0,76
"1291";2,5;1,4;0,7
"1292";2,5;1,5;0,28
"1293";2,5;1,6;0,43
"1294";2,5;1,7;0,75
"1295";2,5;1,8;0,17
"1296";2,5;1,9;0,36
"1297";2,5;2;0,23
"1298";2,5;2,1;0,08
"1299";2,5;2,2;0,05
"1300";2,5;2,3;0,68
"1301";2,5;2,4;0,22
"1302";2,5;2,5;0,73
"1303";2,5;2,6;0,26
"1304";2,5;2,7;0,8
"1305";2,5;2,8;0,36
"1306";2,5;2,9;0,36
"1307";2,5;3;0,5
"1308";2,5;3,1;0,11
"1309";2,5;3,2;0,12
"1310";2,5;3,3;0
"1311";2,5;3,4;0,45
"1312";2,5;3,5;0,14
"1313";2,5;3,6;0
"1314";2,5;3,7;0
"1315";2,5;3,8;0,06
"1316";2,5;3,9;0,05
"1317";2,5;4;0,14
"1318";2,5;4,1;0,28
"1319";2,5;4,2;0
"1320";2,5;4,3;0,33
"1321";2,5;4,4;0,13
"1322";2,5;4,5;0,72
"1323";2,5;4,6;0
"1324";2,5;4,7;0
"1325";2,5;4,8;0
"1326";2,5;4,9;0,02
"1327";2,5;5;0
"1328";2,6;0;0,92
"1329";2,6;0,1;0,98
"1330";2,6;0,2;0,95
"1331";2,6;0,3;0,86
"1332";2,6;0,4;0,86
"1333";2,6;0,5;0,96
"1334";2,6;0,6;0,92
"1335";2,6;0,7;0,63
"1336";2,6;0,8;0,83
"1337";2,6;0,9;0,86
"1338";2,6;1;0,81
"1339";2,6;1,1;0,76
"1340";2,6;1,2;0,79
"1341";2,6;1,3;0,7
"1342";2,6;1,4;0,38
"1343";2,6;1,5;0,46
"1344";2,6;1,6;0,55
"1345";2,6;1,7;0,32
"1346";2,6;1,8;0,46
"1347";2,6;1,9;0,39
"1348";2,6;2;0,61
"1349";2,6;2,1;0,33
"1350";2,6;2,2;0,61
"1351";2,6;2,3;0,25
"1352";2,6;2,4;0,62
"1353";2,6;2,5;0,28
"1354";2,6;2,6;0
"1355";2,6;2,7;0,35
"1356";2,6;2,8;0,45
"1357";2,6;2,9;0
"1358";2,6;3;0,31
"1359";2,6;3,1;0,61
"1360";2,6;3,2;0,29
"1361";2,6;3,3;0,57
"1362";2,6;3,4;0,37
"1363";2,6;3,5;0
"1364";2,6;3,6;0,28
"1365";2,6;3,7;0
"1366";2,6;3,8;0,13
"1367";2,6;3,9;0
"1368";2,6;4;0,66
"1369";2,6;4,1;0,46
"1370";2,6;4,2;0,5
"1371";2,6;4,3;0
"1372";2,6;4,4;0,24
"1373";2,6;4,5;0,26
"1374";2,6;4,6;0,49
"1375";2,6;4,7;0
"1376";2,6;4,8;0,22
"1377";2,6;4,9;0,48
"1378";2,6;5;0,22
"1379";2,7;0;0,96
"1380";2,7;0,1;0,92
"1381";2,7;0,2;0,98
"1382";2,7;0,3;0,96
"1383";2,7;0,4;0,92
"1384";2,7;0,5;0,91
"1385";2,7;0,6;0,82
"1386";2,7;0,7;0,91
"1387";2,7;0,8;0,91
"1388";2,7;0,9;0,88
"1389";2,7;1;0,74
"1390";2,7;1,1;0,76
"1391";2,7;1,2;0,81
"1392";2,7;1,3;0,71
"1393";2,7;1,4;0,89
"1394";2,7;1,5;0,8
"1395";2,7;1,6;0,31
"1396";2,7;1,7;0,7
"1397";2,7;1,8;0,53
"1398";2,7;1,9;0,58
"1399";2,7;2;0,56
"1400";2,7;2,1;0,07
"1401";2,7;2,2;0,27
"1402";2,7;2,3;0,38
"1403";2,7;2,4;0,58
"1404";2,7;2,5;0,44
"1405";2,7;2,6;0,38
"1406";2,7;2,7;0,4
"1407";2,7;2,8;0,44
"1408";2,7;2,9;0,39
"1409";2,7;3;0,27
"1410";2,7;3,1;0,56
"1411";2,7;3,2;0,29
"1412";2,7;3,3;0,24
"1413";2,7;3,4;0,41
"1414";2,7;3,5;0,34
"1415";2,7;3,6;0
"1416";2,7;3,7;0,12
"1417";2,7;3,8;0,15
"1418";2,7;3,9;0,13
"1419";2,7;4;0,28
"1420";2,7;4,1;0,14
"1421";2,7;4,2;0,43
"1422";2,7;4,3;0
"1423";2,7;4,4;0,11
"1424";2,7;4,5;0,33
"1425";2,7;4,6;0
"1426";2,7;4,7;0
"1427";2,7;4,8;0
"1428";2,7;4,9;0,59
"1429";2,7;5;0
"1430";2,8;0;0,96
"1431";2,8;0,1;0,93
"1432";2,8;0,2;0,95
"1433";2,8;0,3;0,93
"1434";2,8;0,4;0,91
"1435";2,8;0,5;0,89
"1436";2,8;0,6;0,93
"1437";2,8;0,7;0,96
"1438";2,8;0,8;0,92
"1439";2,8;0,9;0,83
"1440";2,8;1;0,78
"1441";2,8;1,1;0,88
"1442";2,8;1,2;0,57
"1443";2,8;1,3;0,76
"1444";2,8;1,4;0,64
"1445";2,8;1,5;0,72
"1446";2,8;1,6;0,52
"1447";2,8;1,7;0,74
"1448";2,8;1,8;0,2
"1449";2,8;1,9;0,56
"1450";2,8;2;0,55
"1451";2,8;2,1;0,47
"1452";2,8;2,2;0,35
"1453";2,8;2,3;0,71
"1454";2,8;2,4;0,46
"1455";2,8;2,5;0,1
"1456";2,8;2,6;0,49
"1457";2,8;2,7;0,5
"1458";2,8;2,8;0
"1459";2,8;2,9;0,46
"1460";2,8;3;0,32
"1461";2,8;3,1;0,46
"1462";2,8;3,2;0,43
"1463";2,8;3,3;0,04
"1464";2,8;3,4;0,34
"1465";2,8;3,5;0,39
"1466";2,8;3,6;0,21
"1467";2,8;3,7;0,8
"1468";2,8;3,8;0,38
"1469";2,8;3,9;0
"1470";2,8;4;0,34
"1471";2,8;4,1;0,44
"1472";2,8;4,2;0
"1473";2,8;4,3;0,07
"1474";2,8;4,4;0
"1475";2,8;4,5;0,12
"1476";2,8;4,6;0
"1477";2,8;4,7;0,29
"1478";2,8;4,8;0,1
"1479";2,8;4,9;0
"1480";2,8;5;0
"1481";2,9;0;0,94
"1482";2,9;0,1;0,99
"1483";2,9;0,2;0,98
"1484";2,9;0,3;0,96
"1485";2,9;0,4;0,98
"1486";2,9;0,5;0,94
"1487";2,9;0,6;0,95
"1488";2,9;0,7;0,89
"1489";2,9;0,8;0,79
"1490";2,9;0,9;0,74
"1491";2,9;1;0,93
"1492";2,9;1,1;0,9
"1493";2,9;1,2;0,75
"1494";2,9;1,3;0,71
"1495";2,9;1,4;0,88
"1496";2,9;1,5;0,52
"1497";2,9;1,6;0,72
"1498";2,9;1,7;0,19
"1499";2,9;1,8;0,68
"1500";2,9;1,9;0,38
"1501";2,9;2;0,82
"1502";2,9;2,1;0,1
"1503";2,9;2,2;0
"1504";2,9;2,3;0,66
"1505";2,9;2,4;0,36
"1506";2,9;2,5;0,26
"1507";2,9;2,6;0,14
"1508";2,9;2,7;0,58
"1509";2,9;2,8;0,01
"1510";2,9;2,9;0
"1511";2,9;3;0
"1512";2,9;3,1;0,08
"1513";2,9;3,2;0,44
"1514";2,9;3,3;0,39
"1515";2,9;3,4;0,79
"1516";2,9;3,5;0,63
"1517";2,9;3,6;0,14
"1518";2,9;3,7;0,15
"1519";2,9;3,8;0,04
"1520";2,9;3,9;0,62
"1521";2,9;4;0,23
"1522";2,9;4,1;0,45
"1523";2,9;4,2;0
"1524";2,9;4,3;0
"1525";2,9;4,4;0,19
"1526";2,9;4,5;0,2
"1527";2,9;4,6;0,48
"1528";2,9;4,7;0
"1529";2,9;4,8;0
"1530";2,9;4,9;0
"1531";2,9;5;0,41
"1532";3;0;0,99
"1533";3;0,1;0,95
"1534";3;0,2;0,83
"1535";3;0,3;0,91
"1536";3;0,4;0,91
"1537";3;0,5;0,93
"1538";3;0,6;0,95
"1539";3;0,7;0,84
"1540";3;0,8;0,87
"1541";3;0,9;0,87
"1542";3;1;0,97
"1543";3;1,1;0,85
"1544";3;1,2;0,92
"1545";3;1,3;0,47
"1546";3;1,4;0,82
"1547";3;1,5;0,79
"1548";3;1,6;0,61
"1549";3;1,7;0,41
"1550";3;1,8;0,79
"1551";3;1,9;0,77
"1552";3;2;0,24
"1553";3;2,1;0,49
"1554";3;2,2;0,22
"1555";3;2,3;0,64
"1556";3;2,4;0,11
"1557";3;2,5;0,29
"1558";3;2,6;0,58
"1559";3;2,7;0,01
"1560";3;2,8;0,17
"1561";3;2,9;0,18
"1562";3;3;0,55
"1563";3;3,1;0,49
"1564";3;3,2;0,4
"1565";3;3,3;0,11
"1566";3;3,4;0,42
"1567";3;3,5;0,22
"1568";3;3,6;0,12
"1569";3;3,7;0,19
"1570";3;3,8;0,54
"1571";3;3,9;0,14
"1572";3;4;0,37
"1573";3;4,1;0,48
"1574";3;4,2;0,34
"1575";3;4,3;0,45
"1576";3;4,4;0,03
"1577";3;4,5;0,47
"1578";3;4,6;0
"1579";3;4,7;0
"1580";3;4,8;0,09
"1581";3;4,9;0,52
"1582";3;5;0
"1583";3,1;0;0,96
"1584";3,1;0,1;0,96
"1585";3,1;0,2;0,97
"1586";3,1;0,3;0,95
"1587";3,1;0,4;0,89
"1588";3,1;0,5;0,89
"1589";3,1;0,6;0,94
"1590";3,1;0,7;0,91
"1591";3,1;0,8;0,9
"1592";3,1;0,9;0,91
"1593";3,1;1;0,88
"1594";3,1;1,1;0,56
"1595";3,1;1,2;0,64
"1596";3,1;1,3;0,73
"1597";3,1;1,4;0,83
"1598";3,1;1,5;0,82
"1599";3,1;1,6;0,84
"1600";3,1;1,7;0,21
"1601";3,1;1,8;0,49
"1602";3,1;1,9;0,1
"1603";3,1;2;0,49
"1604";3,1;2,1;0,19
"1605";3,1;2,2;0,5
"1606";3,1;2,3;0,41
"1607";3,1;2,4;0,76
"1608";3,1;2,5;0,29
"1609";3,1;2,6;0,4
"1610";3,1;2,7;0,82
"1611";3,1;2,8;0,4
"1612";3,1;2,9;0,64
"1613";3,1;3;0,81
"1614";3,1;3,1;0,32
"1615";3,1;3,2;0
"1616";3,1;3,3;0,36
"1617";3,1;3,4;0,48
"1618";3,1;3,5;0,06
"1619";3,1;3,6;0
"1620";3,1;3,7;0,44
"1621";3,1;3,8;0,19
"1622";3,1;3,9;0
"1623";3,1;4;0,03
"1624";3,1;4,1;0,36
"1625";3,1;4,2;0,34
"1626";3,1;4,3;0
"1627";3,1;4,4;0,71
"1628";3,1;4,5;0
"1629";3,1;4,6;0,62
"1630";3,1;4,7;0,27
"1631";3,1;4,8;0,07
"1632";3,1;4,9;0,42
"1633";3,1;5;0,83
"1634";3,2;0;0,99
"1635";3,2;0,1;0,98
"1636";3,2;0,2;0,98
"1637";3,2;0,3;0,98
"1638";3,2;0,4;0,94
"1639";3,2;0,5;0,92
"1640";3,2;0,6;0,91
"1641";3,2;0,7;0,97
"1642";3,2;0,8;0,93
"1643";3,2;0,9;0,86
"1644";3,2;1;0,89
"1645";3,2;1,1;0,77
"1646";3,2;1,2;0,9
"1647";3,2;1,3;0,77
"1648";3,2;1,4;0,77
"1649";3,2;1,5;0,51
"1650";3,2;1,6;0,71
"1651";3,2;1,7;0,79
"1652";3,2;1,8;0,29
"1653";3,2;1,9;0,62
"1654";3,2;2;0,66
"1655";3,2;2,1;0,71
"1656";3,2;2,2;0,61
"1657";3,2;2,3;0,63
"1658";3,2;2,4;0,5
"1659";3,2;2,5;0,18
"1660";3,2;2,6;0,69
"1661";3,2;2,7;0,66
"1662";3,2;2,8;0,57
"1663";3,2;2,9;0,52
"1664";3,2;3;0,41
"1665";3,2;3,1;0,64
"1666";3,2;3,2;0,28
"1667";3,2;3,3;0,54
"1668";3,2;3,4;0
"1669";3,2;3,5;0,53
"1670";3,2;3,6;0,36
"1671";3,2;3,7;0,48
"1672";3,2;3,8;0,3
"1673";3,2;3,9;0,63
"1674";3,2;4;0,48
"1675";3,2;4,1;0,35
"1676";3,2;4,2;0,08
"1677";3,2;4,3;0
"1678";3,2;4,4;0
"1679";3,2;4,5;0,34
"1680";3,2;4,6;0,18
"1681";3,2;4,7;0,4
"1682";3,2;4,8;0,03
"1683";3,2;4,9;0,33
"1684";3,2;5;0,1
"1685";3,3;0;0,99
"1686";3,3;0,1;0,94
"1687";3,3;0,2;0,88
"1688";3,3;0,3;0,96
"1689";3,3;0,4;0,97
"1690";3,3;0,5;0,96
"1691";3,3;0,6;0,9
"1692";3,3;0,7;0,91
"1693";3,3;0,8;0,95
"1694";3,3;0,9;0,86
"1695";3,3;1;0,84
"1696";3,3;1,1;0,8
"1697";3,3;1,2;0,8
"1698";3,3;1,3;0,81
"1699";3,3;1,4;0,8
"1700";3,3;1,5;0,87
"1701";3,3;1,6;0,71
"1702";3,3;1,7;0,64
"1703";3,3;1,8;0,66
"1704";3,3;1,9;0,62
"1705";3,3;2;0,52
"1706";3,3;2,1;0,53
"1707";3,3;2,2;0,45
"1708";3,3;2,3;0,82
"1709";3,3;2,4;0
"1710";3,3;2,5;0
"1711";3,3;2,6;0,57
"1712";3,3;2,7;0,42
"1713";3,3;2,8;0,1
"1714";3,3;2,9;0
"1715";3,3;3;0,46
"1716";3,3;3,1;0
"1717";3,3;3,2;0,13
"1718";3,3;3,3;0,37
"1719";3,3;3,4;0,28
"1720";3,3;3,5;0,04
"1721";3,3;3,6;0,37
"1722";3,3;3,7;0,55
"1723";3,3;3,8;0,29
"1724";3,3;3,9;0,25
"1725";3,3;4;0,08
"1726";3,3;4,1;0,46
"1727";3,3;4,2;0,37
"1728";3,3;4,3;0
"1729";3,3;4,4;0,36
"1730";3,3;4,5;0,23
"1731";3,3;4,6;0,53
"1732";3,3;4,7;0
"1733";3,3;4,8;0,38
"1734";3,3;4,9;0
"1735";3,3;5;0,03
"1736";3,4;0;0,96
"1737";3,4;0,1;0,98
"1738";3,4;0,2;0,98
"1739";3,4;0,3;0,96
"1740";3,4;0,4;0,95
"1741";3,4;0,5;0,94
"1742";3,4;0,6;0,98
"1743";3,4;0,7;0,88
"1744";3,4;0,8;0,74
"1745";3,4;0,9;0,97
"1746";3,4;1;0,78
"1747";3,4;1,1;0,63
"1748";3,4;1,2;0,8
"1749";3,4;1,3;0,79
"1750";3,4;1,4;0,94
"1751";3,4;1,5;0,72
"1752";3,4;1,6;0,83
"1753";3,4;1,7;0,78
"1754";3,4;1,8;0,75
"1755";3,4;1,9;0,67
"1756";3,4;2;0,74
"1757";3,4;2,1;0,81
"1758";3,4;2,2;0,28
"1759";3,4;2,3;0,26
"1760";3,4;2,4;0,8
"1761";3,4;2,5;0,59
"1762";3,4;2,6;0,23
"1763";3,4;2,7;0,37
"1764";3,4;2,8;0,26
"1765";3,4;2,9;0,1
"1766";3,4;3;0,17
"1767";3,4;3,1;0,24
"1768";3,4;3,2;0,38
"1769";3,4;3,3;0,63
"1770";3,4;3,4;0,17
"1771";3,4;3,5;0,35
"1772";3,4;3,6;0,01
"1773";3,4;3,7;0,01
"1774";3,4;3,8;0,77
"1775";3,4;3,9;0,64
"1776";3,4;4;0,23
"1777";3,4;4,1;0
"1778";3,4;4,2;0
"1779";3,4;4,3;0,09
"1780";3,4;4,4;0
"1781";3,4;4,5;0,13
"1782";3,4;4,6;0,46
"1783";3,4;4,7;0,6
"1784";3,4;4,8;0,33
"1785";3,4;4,9;0,09
"1786";3,4;5;0
"1787";3,5;0;0,98
"1788";3,5;0,1;0,95
"1789";3,5;0,2;0,98
"1790";3,5;0,3;0,98
"1791";3,5;0,4;0,88
"1792";3,5;0,5;0,88
"1793";3,5;0,6;0,9
"1794";3,5;0,7;0,89
"1795";3,5;0,8;0,93
"1796";3,5;0,9;0,92
"1797";3,5;1;0,88
"1798";3,5;1,1;0,9
"1799";3,5;1,2;0,8
"1800";3,5;1,3;0,94
"1801";3,5;1,4;0,73
"1802";3,5;1,5;0,85
"1803";3,5;1,6;0,81
"1804";3,5;1,7;0,78
"1805";3,5;1,8;0,39
"1806";3,5;1,9;0,73
"1807";3,5;2;0,48
"1808";3,5;2,1;0,63
"1809";3,5;2,2;0,54
"1810";3,5;2,3;0,47
"1811";3,5;2,4;0,24
"1812";3,5;2,5;0,28
"1813";3,5;2,6;0,24
"1814";3,5;2,7;0,61
"1815";3,5;2,8;0,56
"1816";3,5;2,9;0
"1817";3,5;3;0,36
"1818";3,5;3,1;0,66
"1819";3,5;3,2;0,5
"1820";3,5;3,3;0,64
"1821";3,5;3,4;0,73
"1822";3,5;3,5;0,28
"1823";3,5;3,6;0,52
"1824";3,5;3,7;0,07
"1825";3,5;3,8;0,48
"1826";3,5;3,9;0,78
"1827";3,5;4;0,53
"1828";3,5;4,1;0
"1829";3,5;4,2;0,4
"1830";3,5;4,3;0,11
"1831";3,5;4,4;0,51
"1832";3,5;4,5;0
"1833";3,5;4,6;0,33
"1834";3,5;4,7;0,07
"1835";3,5;4,8;0,24
"1836";3,5;4,9;0,45
"1837";3,5;5;0,73
"1838";3,6;0;0,96
"1839";3,6;0,1;0,95
"1840";3,6;0,2;0,99
"1841";3,6;0,3;0,96
"1842";3,6;0,4;0,96
"1843";3,6;0,5;0,96
"1844";3,6;0,6;0,9
"1845";3,6;0,7;0,96
"1846";3,6;0,8;0,93
"1847";3,6;0,9;0,92
"1848";3,6;1;0,83
"1849";3,6;1,1;0,91
"1850";3,6;1,2;0,81
"1851";3,6;1,3;0,79
"1852";3,6;1,4;0,85
"1853";3,6;1,5;0,53
"1854";3,6;1,6;0,79
"1855";3,6;1,7;0,62
"1856";3,6;1,8;0,61
"1857";3,6;1,9;0,8
"1858";3,6;2;0,61
"1859";3,6;2,1;0,04
"1860";3,6;2,2;0,67
"1861";3,6;2,3;0,54
"1862";3,6;2,4;0,55
"1863";3,6;2,5;0,79
"1864";3,6;2,6;0,53
"1865";3,6;2,7;0,42
"1866";3,6;2,8;0,79
"1867";3,6;2,9;0,38
"1868";3,6;3;0,02
"1869";3,6;3,1;0,58
"1870";3,6;3,2;0,68
"1871";3,6;3,3;0,32
"1872";3,6;3,4;0,6
"1873";3,6;3,5;0,42
"1874";3,6;3,6;0,62
"1875";3,6;3,7;0,56
"1876";3,6;3,8;0,69
"1877";3,6;3,9;0,01
"1878";3,6;4;0,19
"1879";3,6;4,1;0,54
"1880";3,6;4,2;0,6
"1881";3,6;4,3;0
"1882";3,6;4,4;0,33
"1883";3,6;4,5;0,44
"1884";3,6;4,6;0,16
"1885";3,6;4,7;0
"1886";3,6;4,8;0,34
"1887";3,6;4,9;0,45
"1888";3,6;5;0,4
"1889";3,7;0;0,98
"1890";3,7;0,1;0,91
"1891";3,7;0,2;0,96
"1892";3,7;0,3;0,95
"1893";3,7;0,4;0,97
"1894";3,7;0,5;0,96
"1895";3,7;0,6;0,93
"1896";3,7;0,7;0,96
"1897";3,7;0,8;0,86
"1898";3,7;0,9;0,89
"1899";3,7;1;0,92
"1900";3,7;1,1;0,89
"1901";3,7;1,2;0,9
"1902";3,7;1,3;0,89
"1903";3,7;1,4;0,66
"1904";3,7;1,5;0,79
"1905";3,7;1,6;0,8
"1906";3,7;1,7;0,61
"1907";3,7;1,8;0,89
"1908";3,7;1,9;0,66
"1909";3,7;2;0,55
"1910";3,7;2,1;0,71
"1911";3,7;2,2;0,31
"1912";3,7;2,3;0,48
"1913";3,7;2,4;0,74
"1914";3,7;2,5;0,46
"1915";3,7;2,6;0,71
"1916";3,7;2,7;0,66
"1917";3,7;2,8;0,59
"1918";3,7;2,9;0,45
"1919";3,7;3;0,43
"1920";3,7;3,1;0,5
"1921";3,7;3,2;0,38
"1922";3,7;3,3;0,26
"1923";3,7;3,4;0,32
"1924";3,7;3,5;0,44
"1925";3,7;3,6;0,01
"1926";3,7;3,7;0,47
"1927";3,7;3,8;0,76
"1928";3,7;3,9;0,03
"1929";3,7;4;0,29
"1930";3,7;4,1;0
"1931";3,7;4,2;0,52
"1932";3,7;4,3;0,05
"1933";3,7;4,4;0,48
"1934";3,7;4,5;0
"1935";3,7;4,6;0,5
"1936";3,7;4,7;0,27
"1937";3,7;4,8;0
"1938";3,7;4,9;0,83
"1939";3,7;5;0,58
"1940";3,8;0;0,99
"1941";3,8;0,1;0,98
"1942";3,8;0,2;0,99
"1943";3,8;0,3;0,95
"1944";3,8;0,4;0,93
"1945";3,8;0,5;0,95
"1946";3,8;0,6;0,95
"1947";3,8;0,7;0,94
"1948";3,8;0,8;0,97
"1949";3,8;0,9;0,93
"1950";3,8;1;0,89
"1951";3,8;1,1;0,97
"1952";3,8;1,2;0,67
"1953";3,8;1,3;0,7
"1954";3,8;1,4;0,71
"1955";3,8;1,5;0,65
"1956";3,8;1,6;0,47
"1957";3,8;1,7;0,85
"1958";3,8;1,8;0,78
"1959";3,8;1,9;0,92
"1960";3,8;2;0,79
"1961";3,8;2,1;0,73
"1962";3,8;2,2;0,84
"1963";3,8;2,3;0,49
"1964";3,8;2,4;0,17
"1965";3,8;2,5;0,31
"1966";3,8;2,6;0,74
"1967";3,8;2,7;0,71
"1968";3,8;2,8;0,75
"1969";3,8;2,9;0,52
"1970";3,8;3;0,62
"1971";3,8;3,1;0,81
"1972";3,8;3,2;0,37
"1973";3,8;3,3;0,43
"1974";3,8;3,4;0,28
"1975";3,8;3,5;0,37
"1976";3,8;3,6;0,19
"1977";3,8;3,7;0,21
"1978";3,8;3,8;0,73
"1979";3,8;3,9;0,11
"1980";3,8;4;0,64
"1981";3,8;4,1;0,8
"1982";3,8;4,2;0,05
"1983";3,8;4,3;0,28
"1984";3,8;4,4;0
"1985";3,8;4,5;0,49
"1986";3,8;4,6;0
"1987";3,8;4,7;0,56
"1988";3,8;4,8;0,08
"1989";3,8;4,9;0,16
"1990";3,8;5;0,58
"1991";3,9;0;0,97
"1992";3,9;0,1;0,97
"1993";3,9;0,2;0,96
"1994";3,9;0,3;0,99
"1995";3,9;0,4;0,95
"1996";3,9;0,5;0,96
"1997";3,9;0,6;0,9
"1998";3,9;0,7;0,89
"1999";3,9;0,8;0,76
"2000";3,9;0,9;0,87
"2001";3,9;1;0,89
"2002";3,9;1,1;0,89
"2003";3,9;1,2;0,83
"2004";3,9;1,3;0,82
"2005";3,9;1,4;0,83
"2006";3,9;1,5;0,87
"2007";3,9;1,6;0,78
"2008";3,9;1,7;0,69
"2009";3,9;1,8;0,7
"2010";3,9;1,9;0,76
"2011";3,9;2;0,79
"2012";3,9;2,1;0,7
"2013";3,9;2,2;0,4
"2014";3,9;2,3;0,39
"2015";3,9;2,4;0,1
"2016";3,9;2,5;0,42
"2017";3,9;2,6;0,29
"2018";3,9;2,7;0,71
"2019";3,9;2,8;0,91
"2020";3,9;2,9;0,35
"2021";3,9;3;0,34
"2022";3,9;3,1;0,33
"2023";3,9;3,2;0,06
"2024";3,9;3,3;0,63
"2025";3,9;3,4;0,18
"2026";3,9;3,5;0,06
"2027";3,9;3,6;0,58
"2028";3,9;3,7;0,04
"2029";3,9;3,8;0,28
"2030";3,9;3,9;0,29
"2031";3,9;4;0,38
"2032";3,9;4,1;0,58
"2033";3,9;4,2;0,05
"2034";3,9;4,3;0,2
"2035";3,9;4,4;0,47
"2036";3,9;4,5;0,62
"2037";3,9;4,6;0,14
"2038";3,9;4,7;0
"2039";3,9;4,8;0,23
"2040";3,9;4,9;0,11
"2041";3,9;5;0
"2042";4;0;0,99
"2043";4;0,1;0,99
"2044";4;0,2;0,98
"2045";4;0,3;0,96
"2046";4;0,4;0,99
"2047";4;0,5;0,96
"2048";4;0,6;0,92
"2049";4;0,7;0,93
"2050";4;0,8;0,88
"2051";4;0,9;0,87
"2052";4;1;0,81
"2053";4;1,1;0,91
"2054";4;1,2;0,79
"2055";4;1,3;0,91
"2056";4;1,4;0,94
"2057";4;1,5;0,82
"2058";4;1,6;0,81
"2059";4;1,7;0,46
"2060";4;1,8;0,61
"2061";4;1,9;0,5
"2062";4;2;0,52
"2063";4;2,1;0,54
"2064";4;2,2;0,62
"2065";4;2,3;0,7
"2066";4;2,4;0,57
"2067";4;2,5;0,79
"2068";4;2,6;0,28
"2069";4;2,7;0,86
"2070";4;2,8;0,62
"2071";4;2,9;0,77
"2072";4;3;0,71
"2073";4;3,1;0,21
"2074";4;3,2;0,26
"2075";4;3,3;0,42
"2076";4;3,4;0,59
"2077";4;3,5;0,56
"2078";4;3,6;0,47
"2079";4;3,7;0,39
"2080";4;3,8;0,31
"2081";4;3,9;0
"2082";4;4;0,83
"2083";4;4,1;0,27
"2084";4;4,2;0,67
"2085";4;4,3;0,17
"2086";4;4,4;0,48
"2087";4;4,5;0,5
"2088";4;4,6;0,11
"2089";4;4,7;0,41
"2090";4;4,8;0
"2091";4;4,9;0
"2092";4;5;0,41
"2093";4,1;0;0,99
"2094";4,1;0,1;0,99
"2095";4,1;0,2;0,96
"2096";4,1;0,3;0,97
"2097";4,1;0,4;0,99
"2098";4,1;0,5;0,94
"2099";4,1;0,6;0,91
"2100";4,1;0,7;0,95
"2101";4,1;0,8;0,93
"2102";4,1;0,9;0,98
"2103";4,1;1;0,93
"2104";4,1;1,1;0,91
"2105";4,1;1,2;0,89
"2106";4,1;1,3;0,84
"2107";4,1;1,4;0,79
"2108";4,1;1,5;0,82
"2109";4,1;1,6;0,7
"2110";4,1;1,7;0,81
"2111";4,1;1,8;0,64
"2112";4,1;1,9;0,55
"2113";4,1;2;0,59
"2114";4,1;2,1;0,78
"2115";4,1;2,2;0,78
"2116";4,1;2,3;0,57
"2117";4,1;2,4;0,71
"2118";4,1;2,5;0,29
"2119";4,1;2,6;0,83
"2120";4,1;2,7;0,36
"2121";4,1;2,8;0,79
"2122";4,1;2,9;0,28
"2123";4,1;3;0,68
"2124";4,1;3,1;0,67
"2125";4,1;3,2;0,28
"2126";4,1;3,3;0,23
"2127";4,1;3,4;0,07
"2128";4,1;3,5;0,07
"2129";4,1;3,6;0,07
"2130";4,1;3,7;0,46
"2131";4,1;3,8;0,12
"2132";4,1;3,9;0,72
"2133";4,1;4;0,54
"2134";4,1;4,1;0,03
"2135";4,1;4,2;0,71
"2136";4,1;4,3;0,2
"2137";4,1;4,4;0,19
"2138";4,1;4,5;0,49
"2139";4,1;4,6;0,28
"2140";4,1;4,7;0,54
"2141";4,1;4,8;0
"2142";4,1;4,9;0
"2143";4,1;5;0,12
"2144";4,2;0;1
"2145";4,2;0,1;0,98
"2146";4,2;0,2;0,99
"2147";4,2;0,3;0,97
"2148";4,2;0,4;0,97
"2149";4,2;0,5;0,94
"2150";4,2;0,6;0,97
"2151";4,2;0,7;0,91
"2152";4,2;0,8;0,95
"2153";4,2;0,9;0,9
"2154";4,2;1;0,98
"2155";4,2;1,1;0,86
"2156";4,2;1,2;0,96
"2157";4,2;1,3;0,74
"2158";4,2;1,4;0,89
"2159";4,2;1,5;0,67
"2160";4,2;1,6;0,78
"2161";4,2;1,7;0,83
"2162";4,2;1,8;0,96
"2163";4,2;1,9;0,81
"2164";4,2;2;0,88
"2165";4,2;2,1;0,67
"2166";4,2;2,2;0,75
"2167";4,2;2,3;0,63
"2168";4,2;2,4;0,85
"2169";4,2;2,5;0,71
"2170";4,2;2,6;0,61
"2171";4,2;2,7;0,2
"2172";4,2;2,8;0,76
"2173";4,2;2,9;0,59
"2174";4,2;3;0,01
"2175";4,2;3,1;0,68
"2176";4,2;3,2;0,37
"2177";4,2;3,3;0,7
"2178";4,2;3,4;0,5
"2179";4,2;3,5;0,17
"2180";4,2;3,6;0,1
"2181";4,2;3,7;0,29
"2182";4,2;3,8;0,14
"2183";4,2;3,9;0,61
"2184";4,2;4;0,55
"2185";4,2;4,1;0,8
"2186";4,2;4,2;0,4
"2187";4,2;4,3;0
"2188";4,2;4,4;0,8
"2189";4,2;4,5;0,09
"2190";4,2;4,6;0,65
"2191";4,2;4,7;0,11
"2192";4,2;4,8;0,64
"2193";4,2;4,9;0,66
"2194";4,2;5;0,62
"2195";4,3;0;0,95
"2196";4,3;0,1;0,93
"2197";4,3;0,2;0,98
"2198";4,3;0,3;0,96
"2199";4,3;0,4;0,94
"2200";4,3;0,5;0,94
"2201";4,3;0,6;0,94
"2202";4,3;0,7;0,97
"2203";4,3;0,8;0,92
"2204";4,3;0,9;0,88
"2205";4,3;1;0,87
"2206";4,3;1,1;0,77
"2207";4,3;1,2;0,83
"2208";4,3;1,3;0,89
"2209";4,3;1,4;0,85
"2210";4,3;1,5;0,82
"2211";4,3;1,6;0,92
"2212";4,3;1,7;0,52
"2213";4,3;1,8;0,56
"2214";4,3;1,9;0,86
"2215";4,3;2;0,59
"2216";4,3;2,1;0,76
"2217";4,3;2,2;0,85
"2218";4,3;2,3;0,68
"2219";4,3;2,4;0,77
"2220";4,3;2,5;0,79
"2221";4,3;2,6;0,59
"2222";4,3;2,7;0,76
"2223";4,3;2,8;0,57
"2224";4,3;2,9;0
"2225";4,3;3;0,7
"2226";4,3;3,1;0,87
"2227";4,3;3,2;0,87
"2228";4,3;3,3;0
"2229";4,3;3,4;0,27
"2230";4,3;3,5;0,22
"2231";4,3;3,6;0,5
"2232";4,3;3,7;0,61
"2233";4,3;3,8;0,28
"2234";4,3;3,9;0,79
"2235";4,3;4;0,29
"2236";4,3;4,1;0,44
"2237";4,3;4,2;0,38
"2238";4,3;4,3;0,41
"2239";4,3;4,4;0,66
"2240";4,3;4,5;0
"2241";4,3;4,6;0,53
"2242";4,3;4,7;0
"2243";4,3;4,8;0,31
"2244";4,3;4,9;0,39
"2245";4,3;5;0,19
"2246";4,4;0;0,99
"2247";4,4;0,1;0,99
"2248";4,4;0,2;0,99
"2249";4,4;0,3;0,99
"2250";4,4;0,4;0,97
"2251";4,4;0,5;0,93
"2252";4,4;0,6;0,96
"2253";4,4;0,7;0,85
"2254";4,4;0,8;0,94
"2255";4,4;0,9;0,95
"2256";4,4;1;0,94
"2257";4,4;1,1;0,94
"2258";4,4;1,2;0,87
"2259";4,4;1,3;0,86
"2260";4,4;1,4;0,88
"2261";4,4;1,5;0,87
"2262";4,4;1,6;0,88
"2263";4,4;1,7;0,82
"2264";4,4;1,8;0,94
"2265";4,4;1,9;0,78
"2266";4,4;2;0,81
"2267";4,4;2,1;0,88
"2268";4,4;2,2;0,56
"2269";4,4;2,3;0,72
"2270";4,4;2,4;0,83
"2271";4,4;2,5;0,71
"2272";4,4;2,6;0,62
"2273";4,4;2,7;0,53
"2274";4,4;2,8;0,51
"2275";4,4;2,9;0,84
"2276";4,4;3;0,54
"2277";4,4;3,1;0,7
"2278";4,4;3,2;0,15
"2279";4,4;3,3;0,72
"2280";4,4;3,4;0,76
"2281";4,4;3,5;0,08
"2282";4,4;3,6;0,18
"2283";4,4;3,7;0,44
"2284";4,4;3,8;0,72
"2285";4,4;3,9;0,5
"2286";4,4;4;0,75
"2287";4,4;4,1;0,39
"2288";4,4;4,2;0,72
"2289";4,4;4,3;0
"2290";4,4;4,4;0,7
"2291";4,4;4,5;0,07
"2292";4,4;4,6;0
"2293";4,4;4,7;0
"2294";4,4;4,8;0,42
"2295";4,4;4,9;0
"2296";4,4;5;0,78
"2297";4,5;0;0,99
"2298";4,5;0,1;0,99
"2299";4,5;0,2;0,95
"2300";4,5;0,3;0,97
"2301";4,5;0,4;0,96
"2302";4,5;0,5;0,94
"2303";4,5;0,6;0,98
"2304";4,5;0,7;0,95
"2305";4,5;0,8;0,97
"2306";4,5;0,9;0,96
"2307";4,5;1;0,88
"2308";4,5;1,1;0,94
"2309";4,5;1,2;0,9
"2310";4,5;1,3;0,91
"2311";4,5;1,4;0,95
"2312";4,5;1,5;0,87
"2313";4,5;1,6;0,69
"2314";4,5;1,7;0,64
"2315";4,5;1,8;0,73
"2316";4,5;1,9;0,89
"2317";4,5;2;0,33
"2318";4,5;2,1;0,8
"2319";4,5;2,2;0,56
"2320";4,5;2,3;0,83
"2321";4,5;2,4;0,4
"2322";4,5;2,5;0,67
"2323";4,5;2,6;0,66
"2324";4,5;2,7;0,03
"2325";4,5;2,8;0,39
"2326";4,5;2,9;0,16
"2327";4,5;3;0,52
"2328";4,5;3,1;0,6
"2329";4,5;3,2;0,83
"2330";4,5;3,3;0,18
"2331";4,5;3,4;0,69
"2332";4,5;3,5;0,76
"2333";4,5;3,6;0,09
"2334";4,5;3,7;0,52
"2335";4,5;3,8;0,31
"2336";4,5;3,9;0,24
"2337";4,5;4;0,53
"2338";4,5;4,1;0,41
"2339";4,5;4,2;0,25
"2340";4,5;4,3;0,35
"2341";4,5;4,4;0,39
"2342";4,5;4,5;0,1
"2343";4,5;4,6;0,58
"2344";4,5;4,7;0,46
"2345";4,5;4,8;0,56
"2346";4,5;4,9;0,36
"2347";4,5;5;0,05
"2348";4,6;0;0,99
"2349";4,6;0,1;0,99
"2350";4,6;0,2;0,99
"2351";4,6;0,3;0,98
"2352";4,6;0,4;0,98
"2353";4,6;0,5;0,98
"2354";4,6;0,6;0,94
"2355";4,6;0,7;0,97
"2356";4,6;0,8;0,95
"2357";4,6;0,9;0,94
"2358";4,6;1;0,75
"2359";4,6;1,1;0,9
"2360";4,6;1,2;0,9
"2361";4,6;1,3;0,92
"2362";4,6;1,4;0,82
"2363";4,6;1,5;0,83
"2364";4,6;1,6;0,9
"2365";4,6;1,7;0,69
"2366";4,6;1,8;0,78
"2367";4,6;1,9;0,79
"2368";4,6;2;0,64
"2369";4,6;2,1;0,65
"2370";4,6;2,2;0,56
"2371";4,6;2,3;0,5
"2372";4,6;2,4;0,57
"2373";4,6;2,5;0,29
"2374";4,6;2,6;0,75
"2375";4,6;2,7;0,31
"2376";4,6;2,8;0,82
"2377";4,6;2,9;0,55
"2378";4,6;3;0,17
"2379";4,6;3,1;0,62
"2380";4,6;3,2;0,68
"2381";4,6;3,3;0,27
"2382";4,6;3,4;0,46
"2383";4,6;3,5;0,33
"2384";4,6;3,6;0,4
"2385";4,6;3,7;0,71
"2386";4,6;3,8;0
"2387";4,6;3,9;0,13
"2388";4,6;4;0,62
"2389";4,6;4,1;0,46
"2390";4,6;4,2;0,65
"2391";4,6;4,3;0,1
"2392";4,6;4,4;0,62
"2393";4,6;4,5;0,5
"2394";4,6;4,6;0,79
"2395";4,6;4,7;0
"2396";4,6;4,8;0,05
"2397";4,6;4,9;0,27
"2398";4,6;5;0,21
"2399";4,7;0;0,98
"2400";4,7;0,1;0,99
"2401";4,7;0,2;0,99
"2402";4,7;0,3;0,99
"2403";4,7;0,4;0,97
"2404";4,7;0,5;0,97
"2405";4,7;0,6;0,98
"2406";4,7;0,7;0,97
"2407";4,7;0,8;0,93
"2408";4,7;0,9;0,93
"2409";4,7;1;0,99
"2410";4,7;1,1;0,9
"2411";4,7;1,2;0,87
"2412";4,7;1,3;0,88
"2413";4,7;1,4;0,93
"2414";4,7;1,5;0,86
"2415";4,7;1,6;0,86
"2416";4,7;1,7;0,78
"2417";4,7;1,8;0,81
"2418";4,7;1,9;0,41
"2419";4,7;2;0,77
"2420";4,7;2,1;0,79
"2421";4,7;2,2;0,74
"2422";4,7;2,3;0,56
"2423";4,7;2,4;0,43
"2424";4,7;2,5;0,51
"2425";4,7;2,6;0,54
"2426";4,7;2,7;0,66
"2427";4,7;2,8;0,41
"2428";4,7;2,9;0,47
"2429";4,7;3;0,64
"2430";4,7;3,1;0,79
"2431";4,7;3,2;0,4
"2432";4,7;3,3;0,05
"2433";4,7;3,4;0,39
"2434";4,7;3,5;0,54
"2435";4,7;3,6;0,35
"2436";4,7;3,7;0
"2437";4,7;3,8;0,46
"2438";4,7;3,9;0,53
"2439";4,7;4;0,8
"2440";4,7;4,1;0,46
"2441";4,7;4,2;0,48
"2442";4,7;4,3;0,44
"2443";4,7;4,4;0,39
"2444";4,7;4,5;0,26
"2445";4,7;4,6;0,38
"2446";4,7;4,7;0,08
"2447";4,7;4,8;0,71
"2448";4,7;4,9;0,03
"2449";4,7;5;0
"2450";4,8;0;0,98
"2451";4,8;0,1;1
"2452";4,8;0,2;0,99
"2453";4,8;0,3;0,96
"2454";4,8;0,4;0,98
"2455";4,8;0,5;0,98
"2456";4,8;0,6;0,94
"2457";4,8;0,7;0,97
"2458";4,8;0,8;0,98
"2459";4,8;0,9;0,95
"2460";4,8;1;0,9
"2461";4,8;1,1;0,96
"2462";4,8;1,2;0,95
"2463";4,8;1,3;0,85
"2464";4,8;1,4;0,95
"2465";4,8;1,5;0,76
"2466";4,8;1,6;0,9
"2467";4,8;1,7;0,91
"2468";4,8;1,8;0,88
"2469";4,8;1,9;0,66
"2470";4,8;2;0,61
"2471";4,8;2,1;0,36
"2472";4,8;2,2;0,59
"2473";4,8;2,3;0,75
"2474";4,8;2,4;0,78
"2475";4,8;2,5;0,72
"2476";4,8;2,6;0,75
"2477";4,8;2,7;0,67
"2478";4,8;2,8;0,32
"2479";4,8;2,9;0,43
"2480";4,8;3;0,64
"2481";4,8;3,1;0,53
"2482";4,8;3,2;0,57
"2483";4,8;3,3;0,84
"2484";4,8;3,4;0,36
"2485";4,8;3,5;0,29
"2486";4,8;3,6;0,03
"2487";4,8;3,7;0,72
"2488";4,8;3,8;0,19
"2489";4,8;3,9;0,57
"2490";4,8;4;0,79
"2491";4,8;4,1;0,16
"2492";4,8;4,2;0
"2493";4,8;4,3;0,45
"2494";4,8;4,4;0,53
"2495";4,8;4,5;0,51
"2496";4,8;4,6;0,3
"2497";4,8;4,7;0,4
"2498";4,8;4,8;0,55
"2499";4,8;4,9;0,06
"2500";4,8;5;0,44
"2501";4,9;0;1
"2502";4,9;0,1;0,99
"2503";4,9;0,2;0,99
"2504";4,9;0,3;0,98
"2505";4,9;0,4;0,97
"2506";4,9;0,5;0,96
"2507";4,9;0,6;0,97
"2508";4,9;0,7;0,95
"2509";4,9;0,8;0,93
"2510";4,9;0,9;0,97
"2511";4,9;1;0,93
"2512";4,9;1,1;0,9
"2513";4,9;1,2;0,95
"2514";4,9;1,3;0,9
"2515";4,9;1,4;0,86
"2516";4,9;1,5;0,76
"2517";4,9;1,6;0,96
"2518";4,9;1,7;0,94
"2519";4,9;1,8;0,87
"2520";4,9;1,9;0,95
"2521";4,9;2;0,84
"2522";4,9;2,1;0,93
"2523";4,9;2,2;0,74
"2524";4,9;2,3;0,78
"2525";4,9;2,4;0,46
"2526";4,9;2,5;0,67
"2527";4,9;2,6;0,56
"2528";4,9;2,7;0,45
"2529";4,9;2,8;0,77
"2530";4,9;2,9;0,73
"2531";4,9;3;0,75
"2532";4,9;3,1;0,49
"2533";4,9;3,2;0,4
"2534";4,9;3,3;0,31
"2535";4,9;3,4;0,58
"2536";4,9;3,5;0,38
"2537";4,9;3,6;0,46
"2538";4,9;3,7;0,42
"2539";4,9;3,8;0,18
"2540";4,9;3,9;0,52
"2541";4,9;4;0,85
"2542";4,9;4,1;0,19
"2543";4,9;4,2;0,39
"2544";4,9;4,3;0,35
"2545";4,9;4,4;0,43
"2546";4,9;4,5;0,26
"2547";4,9;4,6;0,37
"2548";4,9;4,7;0,53
"2549";4,9;4,8;0
"2550";4,9;4,9;0,27
"2551";4,9;5;0,41
"2552";5;0;0,99
"2553";5;0,1;0,97
"2554";5;0,2;0,98
"2555";5;0,3;0,98
"2556";5;0,4;0,98
"2557";5;0,5;0,99
"2558";5;0,6;0,95
"2559";5;0,7;0,97
"2560";5;0,8;0,87
"2561";5;0,9;0,97
"2562";5;1;0,87
"2563";5;1,1;0,93
"2564";5;1,2;0,85
"2565";5;1,3;0,91
"2566";5;1,4;0,82
"2567";5;1,5;0,74
"2568";5;1,6;0,77
"2569";5;1,7;0,97
"2570";5;1,8;0,69
"2571";5;1,9;0,81
"2572";5;2;0,86
"2573";5;2,1;0,73
"2574";5;2,2;0,71
"2575";5;2,3;0,95
"2576";5;2,4;0,63
"2577";5;2,5;0,86
"2578";5;2,6;0,73
"2579";5;2,7;0,9
"2580";5;2,8;0,62
"2581";5;2,9;0,78
"2582";5;3;0,18
"2583";5;3,1;0,4
"2584";5;3,2;0,46
"2585";5;3,3;0,28
"2586";5;3,4;0,09
"2587";5;3,5;0,74
"2588";5;3,6;0,28
"2589";5;3,7;0,12
"2590";5;3,8;0,7
"2591";5;3,9;0,85
"2592";5;4;0,44
"2593";5;4,1;0,67
"2594";5;4,2;0,23
"2595";5;4,3;0,3
"2596";5;4,4;0,11
"2597";5;4,5;0,21
"2598";5;4,6;0,52
"2599";5;4,7;0,02
"2600";5;4,8;0,79
"2601";5;4,9;0,56
"2602";5;5;0,43
